kind	path	commit	bytes	sha256	url
github_metadata	upstream/commit-main.json	d7401a7087710875e8e168e6d30410919d1739b9	31132	0729577bac04390ad5267ada693df7a5a2f8d130755d66208f6bfda343a65b7a	https://api.github.com/repos/lightsgoblack/scroll-audits/commits/main
github_metadata	upstream/tree-fa51ded76b72111dd9f8034d69a72967bcfe7f4a.json	d7401a7087710875e8e168e6d30410919d1739b9	47577	17ee78661e140e6b3de00c5265945532ba65306e323a2ea86127e0e2f3b6c11f	https://api.github.com/repos/lightsgoblack/scroll-audits/git/trees/fa51ded76b72111dd9f8034d69a72967bcfe7f4a?recursive=1
source	upstream/source/README.md	d7401a7087710875e8e168e6d30410919d1739b9	15046	4de9d47ff1893795e3c40b95bec896345253bbb9c348226ced3b81bc7d7e1e0c	https://raw.githubusercontent.com/lightsgoblack/scroll-audits/d7401a7087710875e8e168e6d30410919d1739b9/README.md
source	upstream/source/pyproject.toml	d7401a7087710875e8e168e6d30410919d1739b9	1280	fca60c64a7a7f303d33c37182cf551bb85a2eacbf69ff1a2c056b1c6bdede3e9	https://raw.githubusercontent.com/lightsgoblack/scroll-audits/d7401a7087710875e8e168e6d30410919d1739b9/pyproject.toml
source	upstream/source/CONTRIBUTING.md	d7401a7087710875e8e168e6d30410919d1739b9	1921	8ad416e6de04d8cb9cfab2d5bfbb73c5a48bacb68b4166cfc402ca48f8f94f96	https://raw.githubusercontent.com/lightsgoblack/scroll-audits/d7401a7087710875e8e168e6d30410919d1739b9/CONTRIBUTING.md
source	upstream/source/tools/switchbench_kit/README.md	d7401a7087710875e8e168e6d30410919d1739b9	20821	5f1474c045406c1ea2949dd091410a29c9968089a4d326d18039693892b39ee8	https://raw.githubusercontent.com/lightsgoblack/scroll-audits/d7401a7087710875e8e168e6d30410919d1739b9/tools/switchbench_kit/README.md
source	upstream/source/tools/switchbench_kit/scoring.py	d7401a7087710875e8e168e6d30410919d1739b9	13930	31144749ac6426ac313d857586bd4dd09ec8777cce72f515bd27c07ea448463a	https://raw.githubusercontent.com/lightsgoblack/scroll-audits/d7401a7087710875e8e168e6d30410919d1739b9/tools/switchbench_kit/scoring.py
source	upstream/source/tools/switchbench_kit/alarms.py	d7401a7087710875e8e168e6d30410919d1739b9	8158	edc95c3195a27cf986feb5a0dcfc2c3c0a839e68b12f1583a05c9d7095426c0c	https://raw.githubusercontent.com/lightsgoblack/scroll-audits/d7401a7087710875e8e168e6d30410919d1739b9/tools/switchbench_kit/alarms.py
source	upstream/source/tools/switchbench_kit/corpus.py	d7401a7087710875e8e168e6d30410919d1739b9	10533	d6aab4e88166bdff437579abdca59e4c9473a3e6594839a713981276878cf5d8	https://raw.githubusercontent.com/lightsgoblack/scroll-audits/d7401a7087710875e8e168e6d30410919d1739b9/tools/switchbench_kit/corpus.py
source	upstream/source/tools/switchbench_kit/fetch.py	d7401a7087710875e8e168e6d30410919d1739b9	6234	c42a566adb8811ee1ac9a795a833cb4fff6354722845d92a1fd1293384d09302	https://raw.githubusercontent.com/lightsgoblack/scroll-audits/d7401a7087710875e8e168e6d30410919d1739b9/tools/switchbench_kit/fetch.py
source	upstream/source/tools/switchbench_kit/leaderboard.py	d7401a7087710875e8e168e6d30410919d1739b9	9839	dd3d7ac35e5d526c73c5c66a375c61b2aa1872905c1cf29adcff79fdd43f8ceb	https://raw.githubusercontent.com/lightsgoblack/scroll-audits/d7401a7087710875e8e168e6d30410919d1739b9/tools/switchbench_kit/leaderboard.py
v1_metadata	upstream/source/results/switchbench_natural_v1_events.json	d7401a7087710875e8e168e6d30410919d1739b9	1601604	e244a9074017924ff8ceb5a156bad9044f0e902de4f0352570da46caf8036b5a	https://raw.githubusercontent.com/lightsgoblack/scroll-audits/d7401a7087710875e8e168e6d30410919d1739b9/results/switchbench_natural_v1_events.json
v1_metadata	upstream/source/results/switchbench_natural_v1_leaderboard/corpus_events.json	d7401a7087710875e8e168e6d30410919d1739b9	118602	df188e2a5247ee07d623f742a99820ad501611c3da85ad255aa18deb134c6ce9	https://raw.githubusercontent.com/lightsgoblack/scroll-audits/d7401a7087710875e8e168e6d30410919d1739b9/results/switchbench_natural_v1_leaderboard/corpus_events.json
v1_metadata	upstream/source/results/switchbench_natural_v1_leaderboard/entries.json	d7401a7087710875e8e168e6d30410919d1739b9	2013	4db3ea1f0184c0d1f71ed701f7b66bda6bcaef75f85b3049074f396c38f47b5a	https://raw.githubusercontent.com/lightsgoblack/scroll-audits/d7401a7087710875e8e168e6d30410919d1739b9/results/switchbench_natural_v1_leaderboard/entries.json
v1_metadata	upstream/source/results/switchbench_natural_v1_leaderboard/leaderboard.json	d7401a7087710875e8e168e6d30410919d1739b9	11735	17d0b1c762f55a062452807dc7e261e32fd4f859a8f6a1a48e4397a0d3a313a0	https://raw.githubusercontent.com/lightsgoblack/scroll-audits/d7401a7087710875e8e168e6d30410919d1739b9/results/switchbench_natural_v1_leaderboard/leaderboard.json
v1_alarm_export	upstream/source/results/switchbench_natural_v1_leaderboard/alarms/tifxyz-doctor_coherent-normal-step__default.json	d7401a7087710875e8e168e6d30410919d1739b9	412877	283d385b1220d4771397ecc276c73c65f989842c71fc0d4f8f751fc8d2b68f38	https://raw.githubusercontent.com/lightsgoblack/scroll-audits/d7401a7087710875e8e168e6d30410919d1739b9/results/switchbench_natural_v1_leaderboard/alarms/tifxyz-doctor_coherent-normal-step__default.json
